Gryffindor,Hufflepuff,Ravenclaw,Slytherin,Mean,Std
-0.13593486438636695,-0.08549461772416399,-0.10423944129786382,-0.14504597209098066,,
-0.0817473341920754,-0.12748216519347327,0.11870322083242689,0.09068938949606158,-0.3215842296418069,5.151030360430601
-0.09334790846801433,-0.013028298505048016,0.16446250186470113,-0.05785747510594102,-243.45010789678642,8.880957617242622
-0.10445774582145156,0.10998813135133005,0.08720621352728126,-0.09256179008288498,1.03239875796684,5.265790498826296
0.04714392578294176,0.06232606504152567,0.054152384382023216,-0.16360073369503142,3.0837916260954223,4.223739055385896
-0.04608226755421243,-0.0846690825403556,0.1739569801518988,-0.043007753365624145,-220.36453279589793,485.29370830222473
