Gryffindor,Hufflepuff,Ravenclaw,Slytherin,Mean,Std
-0.1327073923132447,-0.07723638137537235,-0.1148014500034263,-0.14596581499686018,,
-0.06375097344209488,-0.1036449265942309,0.09269168493906925,0.07476340905249358,-0.5575452616653115,5.178953400640137
-0.07830098063878138,-0.007631018318870091,0.1276845244333905,-0.0416543340685618,-243.75053420642618,8.718582150439774
-0.08714945606599675,0.09426873602732808,0.06430504787805105,-0.07134086664028971,0.9740944682957365,5.261204499641635
0.03680317086805962,0.05324787531197434,0.038848562060922666,-0.12888805963318184,3.113002921129502,4.163231576279715
-0.038002798520109196,-0.0667241687470498,0.13564599616268888,-0.030840952936883503,-244.49405416561387,482.84578923071285
